{
  "lessons": [
    {
      "title": "lesson1",
      "task_list": [
        {
          "name": "task1",
          "task_files": {
            "task.py": {
              "placeholders": [
                {
                  "line": 2,
                  "start": 2,
                  "hint": "",
                  "possible_answer": "  result \u003d a+b\n    return result",
                  "length": 21
                }
              ],
              "name": "task.py"
            }
          }
        },
        {
          "name": "task2",
          "task_files": {
            "task.py": {
              "placeholders": [
                {
                  "line": 1,
                  "start": 0,
                  "hint": "",
                  "possible_answer": "def factorial(n):\n    result \u003d n\n    for i in range(1,n):\n        result \u003d result *i\n    return result",
                  "length": 26
                }
              ],
              "name": "task.py"
            }
          }
        },
        {
          "name": "task3",
          "task_files": {
            "task.py": {
              "placeholders": [
                {
                  "line": 2,
                  "start": 0,
                  "hint": "",
                  "possible_answer": "def helloWorld():\n    print(\"Hello World\")",
                  "length": 21
                },
                {
                  "line": 4,
                  "start": 0,
                  "hint": "",
                  "possible_answer": "def helloWorldNTimes(n):\n    for i in range(n):\n        helloWorld()",
                  "length": 27
                }
              ],
              "name": "task.py"
            }
          }
        },
        {
          "name": "task4",
          "task_files": {
            "task.py": {
              "placeholders": [
                {
                  "line": 1,
                  "start": 0,
                  "hint": "",
                  "possible_answer": "def isMultiple(n):\n    if n% 7 \u003d\u003d0:\n        return n\n    else:\n        return -1",
                  "length": 21
                }
              ],
              "name": "task.py"
            }
          }
        }
      ]
    }
  ],
  "description": "Functions",
  "name": "Lab5",
  "authors": [
    {}
  ],
  "language": "Python"
}