{
  "lessons": [
    {
      "title": "lesson1",
      "task_list": [
        {
          "name": "task1",
          "task_files": {
            "task.py": {
              "placeholders": [
                {
                  "line": 2,
                  "start": 0,
                  "hint": "",
                  "possible_answer": "while count \u003c\u003d 10:",
                  "length": 16
                },
                {
                  "line": 4,
                  "start": 4,
                  "hint": "",
                  "possible_answer": "count +\u003d 1",
                  "length": 34
                }
              ],
              "name": "task.py"
            }
          }
        },
        {
          "name": "task2",
          "task_files": {
            "task.py": {
              "placeholders": [
                {
                  "line": 1,
                  "start": 0,
                  "hint": "",
                  "possible_answer": "for x in range(1,10,2):\n    print(x)",
                  "length": 21
                }
              ],
              "name": "task.py"
            }
          }
        },
        {
          "name": "task3",
          "task_files": {
            "task.py": {
              "placeholders": [
                {
                  "line": 1,
                  "start": 0,
                  "hint": "",
                  "possible_answer": "for y in range(0,5):",
                  "length": 27
                }
              ],
              "name": "task.py"
            }
          }
        },
        {
          "name": "task4",
          "task_files": {
            "task.py": {
              "placeholders": [
                {
                  "line": 4,
                  "start": 0,
                  "hint": "",
                  "possible_answer": "for x in range(20):\n    print(\"test\")\n    if x % 3 \u003d\u003d 0:\n        print(name)\n    if x % 2 \u003d\u003d 0:\n        print(random.randint(1,10))",
                  "length": 21
                }
              ],
              "name": "task.py"
            }
          }
        }
      ]
    }
  ],
  "description": "Loops",
  "name": "Lab4",
  "authors": [
    {}
  ],
  "language": "Python"
}