{
  "lessons": [
    {
      "title": "lesson1",
      "task_list": [
        {
          "name": "task1",
          "task_files": {
            "task.py": {
              "placeholders": [
                {
                  "line": 2,
                  "start": 4,
                  "hint": "",
                  "possible_answer": "count\u003d0\n    for s in strings:\n        if len(s) \u003e 2:\n            count+\u003d1\n    return count",
                  "length": 25
                }
              ],
              "name": "task.py"
            }
          }
        },
        {
          "name": "task2",
          "task_files": {
            "task.py": {
              "placeholders": [
                {
                  "line": 1,
                  "start": 0,
                  "hint": "",
                  "possible_answer": "def someSame(one,two):\n    for a in one:\n        for b in two:\n            if a \u003d\u003d b:\n                return True\n\n    return False",
                  "length": 26
                }
              ],
              "name": "task.py"
            }
          }
        },
        {
          "name": "task3",
          "task_files": {
            "task.py": {
              "placeholders": [
                {
                  "line": 1,
                  "start": 0,
                  "hint": "",
                  "possible_answer": "def lenWords(words):\n    result \u003d []\n    for i in words:\n        result.append(len(i))\n    return result",
                  "length": 25
                }
              ],
              "name": "task.py"
            }
          }
        },
        {
          "name": "task4",
          "task_files": {
            "task.py": {
              "placeholders": [
                {
                  "line": 2,
                  "start": 4,
                  "hint": "",
                  "possible_answer": "result \u003d[]\n    result2 \u003d[]\n    for word in words:\n        if word.lower()[0] \u003d\u003d \u0027z\u0027:\n            result.append(word)\n        else:\n            result2.append(word)\n\n    result.sort()\n    result2.sort()\n    return result + result2",
                  "length": 25
                }
              ],
              "name": "task.py"
            }
          }
        }
      ]
    }
  ],
  "description": "Lists",
  "name": "Lab 6",
  "authors": [
    {}
  ],
  "language": "Python"
}