{
  "lessons": [
    {
      "title": "lesson1",
      "task_list": [
        {
          "name": "task1",
          "task_files": {
            "task.py": {
              "placeholders": [
                {
                  "line": 5,
                  "start": 0,
                  "hint": "",
                  "possible_answer": "if x\u003e5",
                  "length": 50
                },
                {
                  "line": 7,
                  "start": 0,
                  "hint": "",
                  "possible_answer": "else:",
                  "length": 20
                }
              ],
              "name": "task.py"
            }
          }
        },
        {
          "name": "task2",
          "task_files": {
            "task.py": {
              "placeholders": [
                {
                  "line": 6,
                  "start": 14,
                  "hint": "",
                  "possible_answer": "and",
                  "length": 1
                },
                {
                  "line": 8,
                  "start": 17,
                  "hint": "",
                  "possible_answer": "or",
                  "length": 1
                },
                {
                  "line": 10,
                  "start": 30,
                  "hint": "",
                  "possible_answer": "\u003e",
                  "length": 1
                },
                {
                  "line": 12,
                  "start": 9,
                  "hint": "",
                  "possible_answer": "or",
                  "length": 1
                }
              ],
              "name": "task.py"
            }
          }
        },
        {
          "name": "task3",
          "task_files": {
            "task.py": {
              "placeholders": [
                {
                  "line": 3,
                  "start": 0,
                  "hint": "",
                  "possible_answer": "\nif hour \u003c 12:\n    timeOfDay \u003d \"morning\"\nelif 12 \u003c hour \u003c 18:\n    timeOfDay \u003d \"afternoon\"\nelse:\n    timeOfDay \u003d \"evening\"\n",
                  "length": 21
                }
              ],
              "name": "task.py"
            }
          }
        }
      ]
    }
  ],
  "description": "If statements and booleans",
  "name": "Lab3",
  "authors": [
    {}
  ],
  "language": "Python"
}