{
  "lessons": [
    {
      "title": "lesson1",
      "task_list": [
        {
          "name": "task1",
          "task_files": {
            "task.py": {
              "placeholders": [
                {
                  "line": 1,
                  "start": 0,
                  "hint": "",
                  "possible_answer": "class Fruit():\n    def __init__(self):\n        self._colour\u003d\"\"\n        self._shape\u003d\"\"\n\n    def canBePhone(self):\n        return \"fruits can\u0027t be phones...\"\n\n\nclass Banana(Fruit):\n    def __init__(self):\n        super().__init__()\n\n    def canBePhone(self):\n        return \"Ring ring ring ring ring ring ring banana phone\\nBoop-boo-ba-doo-ba-doop\"\n\napple\u003dFruit()\nprint(apple.canBePhone())\nbanana\u003dBanana()\nprint(banana.canBePhone())",
                  "length": 21
                }
              ],
              "name": "task.py"
            }
          }
        },
        {
          "name": "task2",
          "task_files": {
            "task.py": {
              "placeholders": [
                {
                  "line": 0,
                  "start": 0,
                  "hint": "",
                  "possible_answer": "#create and test your classes here\n#test some classes",
                  "length": 34
                }
              ],
              "name": "task.py"
            }
          }
        },
        {
          "name": "task3",
          "task_files": {
            "task.py": {
              "placeholders": [
                {
                  "line": 0,
                  "start": 0,
                  "hint": "",
                  "possible_answer": "pet classes go here",
                  "length": 25
                }
              ],
              "name": "task.py"
            }
          }
        },
        {
          "name": "task4",
          "task_files": {
            "task.py": {
              "placeholders": [
                {
                  "line": 0,
                  "start": 0,
                  "hint": "",
                  "possible_answer": "#some mroe training",
                  "length": 19
                }
              ],
              "name": "task.py"
            }
          }
        }
      ]
    }
  ],
  "description": "Inheritance",
  "name": "Lab11",
  "authors": [
    {}
  ],
  "language": "Python"
}