{
  "lessons": [
    {
      "title": "lesson1",
      "task_list": [
        {
          "name": "task1",
          "task_files": {
            "task.py": {
              "placeholders": [
                {
                  "line": 5,
                  "start": 0,
                  "hint": "",
                  "possible_answer": "unEps \u003depisode4.union(episode5).union(episode6)",
                  "length": 21
                }
              ],
              "name": "task.py"
            }
          }
        },
        {
          "name": "task2",
          "task_files": {
            "task.py": {
              "placeholders": [
                {
                  "line": 5,
                  "start": 0,
                  "hint": "",
                  "possible_answer": "interEp45 \u003depisode4.intersection(episode5)\nfinal\u003depisode6.difference(interEp45)",
                  "length": 21
                }
              ],
              "name": "task.py"
            }
          }
        },
        {
          "name": "task3",
          "task_files": {
            "task.py": {
              "placeholders": [
                {
                  "line": 5,
                  "start": 0,
                  "hint": "",
                  "possible_answer": "spsentence \u003d sentence.split()\nfor word in range(0,len(spsentence)):\n    if spsentence[word] in makeItHappy:\n        spsentence[word] \u003d makeItHappy[spsentence[word]]\n\nnewString\u003d\"\"\n\nfor word in spsentence:\n    newString \u003d newString+ word + \" \"",
                  "length": 21
                }
              ],
              "name": "task.py"
            }
          }
        },
        {
          "name": "task4",
          "task_files": {
            "task.py": {
              "placeholders": [
                {
                  "line": 3,
                  "start": 0,
                  "hint": "",
                  "possible_answer": "\ndict \u003d {}\n\nfor i in range(0,len(name)):\n    dict[name[i]]\u003dalias[i]\n\n\nfor item in sorted(dict):\n    print(item,\" : \",dict[item])\n",
                  "length": 23
                }
              ],
              "name": "task.py"
            }
          }
        },
        {
          "name": "task5",
          "task_files": {
            "task.py": {
              "placeholders": [
                {
                  "line": 9,
                  "start": 0,
                  "hint": "",
                  "possible_answer": "\ndict \u003d{}\ndict[\u0027even\u0027]\u003d{x for x in range(0,100) if x %2 \u003d\u003d0}\ndict[\u0027odd\u0027]\u003d{x for x in range(0,100) if x %2 \u003d\u003d1}\ndict[\u0027three\u0027]\u003d{x for x in range(0,100) if x %3 \u003d\u003d0}\ndict[\u0027five\u0027]\u003d {x for x in range(0,100) if x %5 \u003d\u003d0}\ndict[\u0027prime\u0027]\u003d{x for x in range(0,100) if prime(x)}\n",
                  "length": 19
                }
              ],
              "name": "task.py"
            }
          }
        }
      ]
    }
  ],
  "description": "Lab 9: sets and dictionaries",
  "name": "Lab9",
  "authors": [
    {}
  ],
  "language": "Python"
}