{
  "lessons": [
    {
      "title": "lesson1",
      "task_list": [
        {
          "name": "task1",
          "task_files": {
            "task.py": {
              "placeholders": [
                {
                  "line": 2,
                  "start": 0,
                  "hint": "",
                  "possible_answer": "for line in text:\n    print(line,end\u003d\"\")\ntext.close()",
                  "length": 19
                }
              ],
              "name": "task.py"
            }
          }
        },
        {
          "name": "task2",
          "task_files": {
            "task.py": {
              "placeholders": [
                {
                  "line": 3,
                  "start": 0,
                  "hint": "",
                  "possible_answer": "words\u003d text.readline()\nwords \u003d words.split()\nfor word in words:\n    word2\u003d word+\"\\n\"\n    myfile.write(word2)\ntext.close()\nmyfile.close()",
                  "length": 20
                }
              ],
              "name": "task.py"
            }
          }
        },
        {
          "name": "task3",
          "task_files": {
            "task.py": {
              "placeholders": [
                {
                  "line": 2,
                  "start": 0,
                  "hint": "",
                  "possible_answer": "for line in f:\n    entries \u003d line.split(\",\")\n    if int(entries[0].strip(\"\\\"\")) % 10 \u003d\u003d 0:\n        print(entries[0].strip(\"\\\"\"),\" \",entries[14].strip(\"\\\"\"))",
                  "length": 19
                }
              ],
              "name": "task.py"
            }
          }
        }
      ]
    }
  ],
  "description": "Files",
  "name": "Lab7",
  "authors": [
    {}
  ],
  "language": "Python"
}