{
  "lessons": [
    {
      "title": "lesson1",
      "task_list": [
        {
          "name": "task1",
          "task_files": {
            "task.py": {
              "placeholders": [
                {
                  "line": 10,
                  "start": 0,
                  "hint": "",
                  "possible_answer": "b1\u003dBanana()\nb2\u003dBanana()",
                  "length": 21
                }
              ],
              "name": "task.py"
            }
          }
        },
        {
          "name": "task2",
          "task_files": {
            "task.py": {
              "placeholders": [
                {
                  "line": 1,
                  "start": 0,
                  "hint": "",
                  "possible_answer": "class Dinosaur:\n    def __init__(self):\n        self._type \u003d\"\"\n\n\n    def setType(self,type):\n        self._type\u003dtype\n    def getType(self):\n        return self._type\n",
                  "length": 31
                }
              ],
              "name": "task.py"
            }
          }
        },
        {
          "name": "task3",
          "task_files": {
            "task.py": {
              "placeholders": [
                {
                  "line": 1,
                  "start": 0,
                  "hint": "",
                  "possible_answer": "class Coffee:\n    def __add__(self, other):\n        if isinstance(other,Cream):\n            return \"Yum\"\n\nclass Cream:\n    def __init__(self):\n        self._percent\u003d10\n",
                  "length": 21
                }
              ],
              "name": "task.py"
            }
          }
        }
      ]
    }
  ],
  "description": "Classes",
  "name": "Lab10",
  "authors": [
    {}
  ],
  "language": "Python"
}